:START_ID,:START_ID,:END_ID,:TYPE
0,0,0,HAS_FUTURE
1,1,0,HAS_FUTURE
2,2,0,HAS_FUTURE
4,4,0,HAS_FUTURE
10,10,0,HAS_FUTURE
15,15,0,HAS_FUTURE
17,17,0,HAS_FUTURE
20,20,0,HAS_FUTURE
25,25,0,HAS_FUTURE
29,29,0,HAS_FUTURE
31,31,0,HAS_FUTURE
35,35,0,HAS_FUTURE
36,36,0,HAS_FUTURE
39,39,0,HAS_FUTURE
41,41,0,HAS_FUTURE
42,42,0,HAS_FUTURE
44,44,0,HAS_FUTURE
51,51,0,HAS_FUTURE
52,52,0,HAS_FUTURE
53,53,0,HAS_FUTURE
57,57,0,HAS_FUTURE
58,58,0,HAS_FUTURE
64,64,0,HAS_FUTURE
65,65,0,HAS_FUTURE
68,68,0,HAS_FUTURE
69,69,0,HAS_FUTURE
79,79,0,HAS_FUTURE
81,81,0,HAS_FUTURE
82,82,0,HAS_FUTURE
83,83,0,HAS_FUTURE
84,84,0,HAS_FUTURE
88,88,0,HAS_FUTURE
89,89,0,HAS_FUTURE
95,95,0,HAS_FUTURE
97,97,0,HAS_FUTURE
101,101,0,HAS_FUTURE
102,102,0,HAS_FUTURE
104,104,0,HAS_FUTURE
110,110,0,HAS_FUTURE
115,115,0,HAS_FUTURE
116,116,0,HAS_FUTURE
117,117,0,HAS_FUTURE
125,125,0,HAS_FUTURE
132,132,0,HAS_FUTURE
136,136,0,HAS_FUTURE
138,138,0,HAS_FUTURE
139,139,0,HAS_FUTURE
143,143,0,HAS_FUTURE
147,147,0,HAS_FUTURE
148,148,0,HAS_FUTURE
149,149,0,HAS_FUTURE
150,150,0,HAS_FUTURE
158,158,0,HAS_FUTURE
159,159,0,HAS_FUTURE
161,161,0,HAS_FUTURE
163,163,0,HAS_FUTURE
170,170,0,HAS_FUTURE
175,175,0,HAS_FUTURE
178,178,0,HAS_FUTURE
180,180,0,HAS_FUTURE
181,181,0,HAS_FUTURE
186,186,0,HAS_FUTURE
190,190,0,HAS_FUTURE
191,191,0,HAS_FUTURE
194,194,0,HAS_FUTURE
198,198,0,HAS_FUTURE
199,199,0,HAS_FUTURE
204,204,0,HAS_FUTURE
207,207,0,HAS_FUTURE
214,214,0,HAS_FUTURE
224,224,0,HAS_FUTURE
225,225,0,HAS_FUTURE
226,226,0,HAS_FUTURE
227,227,0,HAS_FUTURE
228,228,0,HAS_FUTURE
230,230,0,HAS_FUTURE
231,231,0,HAS_FUTURE
239,239,0,HAS_FUTURE
241,241,0,HAS_FUTURE
242,242,0,HAS_FUTURE
243,243,0,HAS_FUTURE
244,244,0,HAS_FUTURE
246,246,0,HAS_FUTURE
247,247,0,HAS_FUTURE
252,252,0,HAS_FUTURE
256,256,0,HAS_FUTURE
259,259,0,HAS_FUTURE
260,260,0,HAS_FUTURE
263,263,0,HAS_FUTURE
265,265,0,HAS_FUTURE
270,270,0,HAS_FUTURE
272,272,0,HAS_FUTURE
273,273,0,HAS_FUTURE
279,279,0,HAS_FUTURE
280,280,0,HAS_FUTURE
282,282,0,HAS_FUTURE
297,297,0,HAS_FUTURE
308,308,0,HAS_FUTURE
313,313,0,HAS_FUTURE
321,321,0,HAS_FUTURE
323,323,0,HAS_FUTURE
328,328,0,HAS_FUTURE
329,329,0,HAS_FUTURE
341,341,0,HAS_FUTURE
342,342,0,HAS_FUTURE
347,347,0,HAS_FUTURE
351,351,0,HAS_FUTURE
352,352,0,HAS_FUTURE
354,354,0,HAS_FUTURE
355,355,0,HAS_FUTURE
357,357,0,HAS_FUTURE
367,367,0,HAS_FUTURE
370,370,0,HAS_FUTURE
371,371,0,HAS_FUTURE
378,378,0,HAS_FUTURE
380,380,0,HAS_FUTURE
384,384,0,HAS_FUTURE
389,389,0,HAS_FUTURE
390,390,0,HAS_FUTURE
391,391,0,HAS_FUTURE
392,392,0,HAS_FUTURE
399,399,0,HAS_FUTURE
401,401,0,HAS_FUTURE
404,404,0,HAS_FUTURE
405,405,0,HAS_FUTURE
406,406,0,HAS_FUTURE
409,409,0,HAS_FUTURE
411,411,0,HAS_FUTURE
415,415,0,HAS_FUTURE
417,417,0,HAS_FUTURE
418,418,0,HAS_FUTURE
419,419,0,HAS_FUTURE
426,426,0,HAS_FUTURE
427,427,0,HAS_FUTURE
429,429,0,HAS_FUTURE
433,433,0,HAS_FUTURE
435,435,0,HAS_FUTURE
439,439,0,HAS_FUTURE
440,440,0,HAS_FUTURE
445,445,0,HAS_FUTURE
453,453,0,HAS_FUTURE
456,456,0,HAS_FUTURE
457,457,0,HAS_FUTURE
458,458,0,HAS_FUTURE
459,459,0,HAS_FUTURE
463,463,0,HAS_FUTURE
465,465,0,HAS_FUTURE
468,468,0,HAS_FUTURE
473,473,0,HAS_FUTURE
486,486,0,HAS_FUTURE
488,488,0,HAS_FUTURE
489,489,0,HAS_FUTURE
490,490,0,HAS_FUTURE
493,493,0,HAS_FUTURE
500,500,0,HAS_FUTURE
501,501,0,HAS_FUTURE
508,508,0,HAS_FUTURE
509,509,0,HAS_FUTURE
510,510,0,HAS_FUTURE
522,522,0,HAS_FUTURE
524,524,0,HAS_FUTURE
525,525,0,HAS_FUTURE
531,531,0,HAS_FUTURE
533,533,0,HAS_FUTURE
535,535,0,HAS_FUTURE
536,536,0,HAS_FUTURE
537,537,0,HAS_FUTURE
544,544,0,HAS_FUTURE
549,549,0,HAS_FUTURE
550,550,0,HAS_FUTURE
551,551,0,HAS_FUTURE
555,555,0,HAS_FUTURE
558,558,0,HAS_FUTURE
562,562,0,HAS_FUTURE
563,563,0,HAS_FUTURE
564,564,0,HAS_FUTURE
565,565,0,HAS_FUTURE
566,566,0,HAS_FUTURE
570,570,0,HAS_FUTURE
572,572,0,HAS_FUTURE
573,573,0,HAS_FUTURE
575,575,0,HAS_FUTURE
577,577,0,HAS_FUTURE
579,579,0,HAS_FUTURE
581,581,0,HAS_FUTURE
582,582,0,HAS_FUTURE
583,583,0,HAS_FUTURE
584,584,0,HAS_FUTURE
592,592,0,HAS_FUTURE
599,599,0,HAS_FUTURE
600,600,0,HAS_FUTURE
603,603,0,HAS_FUTURE
605,605,0,HAS_FUTURE
608,608,0,HAS_FUTURE
610,610,0,HAS_FUTURE
611,611,0,HAS_FUTURE
613,613,0,HAS_FUTURE
614,614,0,HAS_FUTURE
615,615,0,HAS_FUTURE
620,620,0,HAS_FUTURE
630,630,0,HAS_FUTURE
633,633,0,HAS_FUTURE
634,634,0,HAS_FUTURE
637,637,0,HAS_FUTURE
638,638,0,HAS_FUTURE
640,640,0,HAS_FUTURE
644,644,0,HAS_FUTURE
646,646,0,HAS_FUTURE
649,649,0,HAS_FUTURE
666,666,0,HAS_FUTURE
667,667,0,HAS_FUTURE
668,668,0,HAS_FUTURE
669,669,0,HAS_FUTURE
670,670,0,HAS_FUTURE
674,674,0,HAS_FUTURE
675,675,0,HAS_FUTURE
676,676,0,HAS_FUTURE
678,678,0,HAS_FUTURE
680,680,0,HAS_FUTURE
682,682,0,HAS_FUTURE
684,684,0,HAS_FUTURE
688,688,0,HAS_FUTURE
695,695,0,HAS_FUTURE
703,703,0,HAS_FUTURE
712,712,0,HAS_FUTURE
717,717,0,HAS_FUTURE
718,718,0,HAS_FUTURE
720,720,0,HAS_FUTURE
724,724,0,HAS_FUTURE
729,729,0,HAS_FUTURE
730,730,0,HAS_FUTURE
731,731,0,HAS_FUTURE
737,737,0,HAS_FUTURE
738,738,0,HAS_FUTURE
739,739,0,HAS_FUTURE
740,740,0,HAS_FUTURE
743,743,0,HAS_FUTURE
744,744,0,HAS_FUTURE
755,755,0,HAS_FUTURE
762,762,0,HAS_FUTURE
766,766,0,HAS_FUTURE
769,769,0,HAS_FUTURE
777,777,0,HAS_FUTURE
786,786,0,HAS_FUTURE
787,787,0,HAS_FUTURE
789,789,0,HAS_FUTURE
790,790,0,HAS_FUTURE
791,791,0,HAS_FUTURE
793,793,0,HAS_FUTURE
812,812,0,HAS_FUTURE
814,814,0,HAS_FUTURE
816,816,0,HAS_FUTURE
817,817,0,HAS_FUTURE
821,821,0,HAS_FUTURE
822,822,0,HAS_FUTURE
824,824,0,HAS_FUTURE
830,830,0,HAS_FUTURE
831,831,0,HAS_FUTURE
833,833,0,HAS_FUTURE
841,841,0,HAS_FUTURE
842,842,0,HAS_FUTURE
847,847,0,HAS_FUTURE
848,848,0,HAS_FUTURE
853,853,0,HAS_FUTURE
855,855,0,HAS_FUTURE
856,856,0,HAS_FUTURE
858,858,0,HAS_FUTURE
859,859,0,HAS_FUTURE
862,862,0,HAS_FUTURE
866,866,0,HAS_FUTURE
870,870,0,HAS_FUTURE
876,876,0,HAS_FUTURE
878,878,0,HAS_FUTURE
880,880,0,HAS_FUTURE
881,881,0,HAS_FUTURE
882,882,0,HAS_FUTURE
885,885,0,HAS_FUTURE
888,888,0,HAS_FUTURE
889,889,0,HAS_FUTURE
890,890,0,HAS_FUTURE
891,891,0,HAS_FUTURE
894,894,0,HAS_FUTURE
897,897,0,HAS_FUTURE
898,898,0,HAS_FUTURE
903,903,0,HAS_FUTURE
908,908,0,HAS_FUTURE
913,913,0,HAS_FUTURE
914,914,0,HAS_FUTURE
915,915,0,HAS_FUTURE
919,919,0,HAS_FUTURE
920,920,0,HAS_FUTURE
922,922,0,HAS_FUTURE
929,929,0,HAS_FUTURE
932,932,0,HAS_FUTURE
937,937,0,HAS_FUTURE
940,940,0,HAS_FUTURE
946,946,0,HAS_FUTURE
947,947,0,HAS_FUTURE
958,958,0,HAS_FUTURE
960,960,0,HAS_FUTURE
965,965,0,HAS_FUTURE
967,967,0,HAS_FUTURE
968,968,0,HAS_FUTURE
976,976,0,HAS_FUTURE
977,977,0,HAS_FUTURE
978,978,0,HAS_FUTURE
979,979,0,HAS_FUTURE
981,981,0,HAS_FUTURE
982,982,0,HAS_FUTURE
987,987,0,HAS_FUTURE
988,988,0,HAS_FUTURE
989,989,0,HAS_FUTURE
990,990,0,HAS_FUTURE
991,991,0,HAS_FUTURE
992,992,0,HAS_FUTURE
993,993,0,HAS_FUTURE
999,999,0,HAS_FUTURE
1000,1000,0,HAS_FUTURE
1001,1001,0,HAS_FUTURE
1007,1007,0,HAS_FUTURE
1009,1009,0,HAS_FUTURE
1010,1010,0,HAS_FUTURE
3,3,1,HAS_FUTURE
5,5,1,HAS_FUTURE
8,8,1,HAS_FUTURE
11,11,1,HAS_FUTURE
13,13,1,HAS_FUTURE
14,14,1,HAS_FUTURE
19,19,1,HAS_FUTURE
28,28,1,HAS_FUTURE
32,32,1,HAS_FUTURE
38,38,1,HAS_FUTURE
40,40,1,HAS_FUTURE
43,43,1,HAS_FUTURE
45,45,1,HAS_FUTURE
46,46,1,HAS_FUTURE
47,47,1,HAS_FUTURE
56,56,1,HAS_FUTURE
63,63,1,HAS_FUTURE
66,66,1,HAS_FUTURE
67,67,1,HAS_FUTURE
75,75,1,HAS_FUTURE
78,78,1,HAS_FUTURE
85,85,1,HAS_FUTURE
91,91,1,HAS_FUTURE
93,93,1,HAS_FUTURE
94,94,1,HAS_FUTURE
98,98,1,HAS_FUTURE
100,100,1,HAS_FUTURE
113,113,1,HAS_FUTURE
114,114,1,HAS_FUTURE
119,119,1,HAS_FUTURE
122,122,1,HAS_FUTURE
123,123,1,HAS_FUTURE
124,124,1,HAS_FUTURE
128,128,1,HAS_FUTURE
142,142,1,HAS_FUTURE
144,144,1,HAS_FUTURE
152,152,1,HAS_FUTURE
154,154,1,HAS_FUTURE
155,155,1,HAS_FUTURE
156,156,1,HAS_FUTURE
157,157,1,HAS_FUTURE
162,162,1,HAS_FUTURE
166,166,1,HAS_FUTURE
171,171,1,HAS_FUTURE
173,173,1,HAS_FUTURE
177,177,1,HAS_FUTURE
179,179,1,HAS_FUTURE
182,182,1,HAS_FUTURE
183,183,1,HAS_FUTURE
184,184,1,HAS_FUTURE
189,189,1,HAS_FUTURE
192,192,1,HAS_FUTURE
202,202,1,HAS_FUTURE
205,205,1,HAS_FUTURE
209,209,1,HAS_FUTURE
210,210,1,HAS_FUTURE
216,216,1,HAS_FUTURE
220,220,1,HAS_FUTURE
233,233,1,HAS_FUTURE
237,237,1,HAS_FUTURE
238,238,1,HAS_FUTURE
250,250,1,HAS_FUTURE
257,257,1,HAS_FUTURE
258,258,1,HAS_FUTURE
261,261,1,HAS_FUTURE
262,262,1,HAS_FUTURE
271,271,1,HAS_FUTURE
274,274,1,HAS_FUTURE
277,277,1,HAS_FUTURE
278,278,1,HAS_FUTURE
283,283,1,HAS_FUTURE
287,287,1,HAS_FUTURE
292,292,1,HAS_FUTURE
296,296,1,HAS_FUTURE
300,300,1,HAS_FUTURE
302,302,1,HAS_FUTURE
304,304,1,HAS_FUTURE
311,311,1,HAS_FUTURE
315,315,1,HAS_FUTURE
316,316,1,HAS_FUTURE
317,317,1,HAS_FUTURE
318,318,1,HAS_FUTURE
319,319,1,HAS_FUTURE
320,320,1,HAS_FUTURE
322,322,1,HAS_FUTURE
324,324,1,HAS_FUTURE
334,334,1,HAS_FUTURE
336,336,1,HAS_FUTURE
338,338,1,HAS_FUTURE
356,356,1,HAS_FUTURE
359,359,1,HAS_FUTURE
361,361,1,HAS_FUTURE
362,362,1,HAS_FUTURE
365,365,1,HAS_FUTURE
368,368,1,HAS_FUTURE
369,369,1,HAS_FUTURE
372,372,1,HAS_FUTURE
373,373,1,HAS_FUTURE
375,375,1,HAS_FUTURE
376,376,1,HAS_FUTURE
379,379,1,HAS_FUTURE
396,396,1,HAS_FUTURE
402,402,1,HAS_FUTURE
403,403,1,HAS_FUTURE
410,410,1,HAS_FUTURE
414,414,1,HAS_FUTURE
420,420,1,HAS_FUTURE
436,436,1,HAS_FUTURE
441,441,1,HAS_FUTURE
442,442,1,HAS_FUTURE
443,443,1,HAS_FUTURE
446,446,1,HAS_FUTURE
447,447,1,HAS_FUTURE
455,455,1,HAS_FUTURE
467,467,1,HAS_FUTURE
474,474,1,HAS_FUTURE
479,479,1,HAS_FUTURE
480,480,1,HAS_FUTURE
481,481,1,HAS_FUTURE
482,482,1,HAS_FUTURE
483,483,1,HAS_FUTURE
492,492,1,HAS_FUTURE
495,495,1,HAS_FUTURE
498,498,1,HAS_FUTURE
502,502,1,HAS_FUTURE
503,503,1,HAS_FUTURE
504,504,1,HAS_FUTURE
513,513,1,HAS_FUTURE
514,514,1,HAS_FUTURE
518,518,1,HAS_FUTURE
529,529,1,HAS_FUTURE
542,542,1,HAS_FUTURE
546,546,1,HAS_FUTURE
554,554,1,HAS_FUTURE
557,557,1,HAS_FUTURE
559,559,1,HAS_FUTURE
567,567,1,HAS_FUTURE
569,569,1,HAS_FUTURE
574,574,1,HAS_FUTURE
580,580,1,HAS_FUTURE
586,586,1,HAS_FUTURE
587,587,1,HAS_FUTURE
589,589,1,HAS_FUTURE
601,601,1,HAS_FUTURE
602,602,1,HAS_FUTURE
604,604,1,HAS_FUTURE
607,607,1,HAS_FUTURE
609,609,1,HAS_FUTURE
616,616,1,HAS_FUTURE
622,622,1,HAS_FUTURE
623,623,1,HAS_FUTURE
627,627,1,HAS_FUTURE
632,632,1,HAS_FUTURE
636,636,1,HAS_FUTURE
642,642,1,HAS_FUTURE
645,645,1,HAS_FUTURE
648,648,1,HAS_FUTURE
652,652,1,HAS_FUTURE
655,655,1,HAS_FUTURE
672,672,1,HAS_FUTURE
673,673,1,HAS_FUTURE
681,681,1,HAS_FUTURE
683,683,1,HAS_FUTURE
685,685,1,HAS_FUTURE
686,686,1,HAS_FUTURE
687,687,1,HAS_FUTURE
689,689,1,HAS_FUTURE
691,691,1,HAS_FUTURE
692,692,1,HAS_FUTURE
697,697,1,HAS_FUTURE
704,704,1,HAS_FUTURE
706,706,1,HAS_FUTURE
708,708,1,HAS_FUTURE
710,710,1,HAS_FUTURE
713,713,1,HAS_FUTURE
722,722,1,HAS_FUTURE
723,723,1,HAS_FUTURE
728,728,1,HAS_FUTURE
732,732,1,HAS_FUTURE
742,742,1,HAS_FUTURE
745,745,1,HAS_FUTURE
748,748,1,HAS_FUTURE
752,752,1,HAS_FUTURE
756,756,1,HAS_FUTURE
774,774,1,HAS_FUTURE
779,779,1,HAS_FUTURE
780,780,1,HAS_FUTURE
783,783,1,HAS_FUTURE
785,785,1,HAS_FUTURE
792,792,1,HAS_FUTURE
795,795,1,HAS_FUTURE
796,796,1,HAS_FUTURE
797,797,1,HAS_FUTURE
798,798,1,HAS_FUTURE
799,799,1,HAS_FUTURE
800,800,1,HAS_FUTURE
801,801,1,HAS_FUTURE
802,802,1,HAS_FUTURE
803,803,1,HAS_FUTURE
806,806,1,HAS_FUTURE
808,808,1,HAS_FUTURE
810,810,1,HAS_FUTURE
811,811,1,HAS_FUTURE
813,813,1,HAS_FUTURE
815,815,1,HAS_FUTURE
818,818,1,HAS_FUTURE
820,820,1,HAS_FUTURE
823,823,1,HAS_FUTURE
828,828,1,HAS_FUTURE
829,829,1,HAS_FUTURE
832,832,1,HAS_FUTURE
834,834,1,HAS_FUTURE
837,837,1,HAS_FUTURE
845,845,1,HAS_FUTURE
846,846,1,HAS_FUTURE
849,849,1,HAS_FUTURE
850,850,1,HAS_FUTURE
851,851,1,HAS_FUTURE
852,852,1,HAS_FUTURE
854,854,1,HAS_FUTURE
857,857,1,HAS_FUTURE
860,860,1,HAS_FUTURE
861,861,1,HAS_FUTURE
865,865,1,HAS_FUTURE
867,867,1,HAS_FUTURE
877,877,1,HAS_FUTURE
887,887,1,HAS_FUTURE
892,892,1,HAS_FUTURE
895,895,1,HAS_FUTURE
900,900,1,HAS_FUTURE
901,901,1,HAS_FUTURE
902,902,1,HAS_FUTURE
904,904,1,HAS_FUTURE
905,905,1,HAS_FUTURE
909,909,1,HAS_FUTURE
911,911,1,HAS_FUTURE
917,917,1,HAS_FUTURE
921,921,1,HAS_FUTURE
924,924,1,HAS_FUTURE
925,925,1,HAS_FUTURE
926,926,1,HAS_FUTURE
927,927,1,HAS_FUTURE
936,936,1,HAS_FUTURE
941,941,1,HAS_FUTURE
942,942,1,HAS_FUTURE
944,944,1,HAS_FUTURE
945,945,1,HAS_FUTURE
970,970,1,HAS_FUTURE
985,985,1,HAS_FUTURE
996,996,1,HAS_FUTURE
997,997,1,HAS_FUTURE
998,998,1,HAS_FUTURE
1014,1014,1,HAS_FUTURE
6,6,2,HAS_FUTURE
7,7,2,HAS_FUTURE
9,9,2,HAS_FUTURE
12,12,2,HAS_FUTURE
16,16,2,HAS_FUTURE
18,18,2,HAS_FUTURE
24,24,2,HAS_FUTURE
30,30,2,HAS_FUTURE
33,33,2,HAS_FUTURE
34,34,2,HAS_FUTURE
37,37,2,HAS_FUTURE
48,48,2,HAS_FUTURE
49,49,2,HAS_FUTURE
50,50,2,HAS_FUTURE
70,70,2,HAS_FUTURE
71,71,2,HAS_FUTURE
72,72,2,HAS_FUTURE
73,73,2,HAS_FUTURE
74,74,2,HAS_FUTURE
76,76,2,HAS_FUTURE
77,77,2,HAS_FUTURE
80,80,2,HAS_FUTURE
86,86,2,HAS_FUTURE
87,87,2,HAS_FUTURE
90,90,2,HAS_FUTURE
92,92,2,HAS_FUTURE
99,99,2,HAS_FUTURE
103,103,2,HAS_FUTURE
105,105,2,HAS_FUTURE
106,106,2,HAS_FUTURE
107,107,2,HAS_FUTURE
108,108,2,HAS_FUTURE
109,109,2,HAS_FUTURE
111,111,2,HAS_FUTURE
120,120,2,HAS_FUTURE
121,121,2,HAS_FUTURE
126,126,2,HAS_FUTURE
127,127,2,HAS_FUTURE
129,129,2,HAS_FUTURE
130,130,2,HAS_FUTURE
131,131,2,HAS_FUTURE
133,133,2,HAS_FUTURE
134,134,2,HAS_FUTURE
135,135,2,HAS_FUTURE
137,137,2,HAS_FUTURE
140,140,2,HAS_FUTURE
141,141,2,HAS_FUTURE
145,145,2,HAS_FUTURE
146,146,2,HAS_FUTURE
151,151,2,HAS_FUTURE
153,153,2,HAS_FUTURE
160,160,2,HAS_FUTURE
164,164,2,HAS_FUTURE
165,165,2,HAS_FUTURE
169,169,2,HAS_FUTURE
176,176,2,HAS_FUTURE
185,185,2,HAS_FUTURE
188,188,2,HAS_FUTURE
193,193,2,HAS_FUTURE
195,195,2,HAS_FUTURE
196,196,2,HAS_FUTURE
200,200,2,HAS_FUTURE
201,201,2,HAS_FUTURE
206,206,2,HAS_FUTURE
208,208,2,HAS_FUTURE
211,211,2,HAS_FUTURE
212,212,2,HAS_FUTURE
213,213,2,HAS_FUTURE
217,217,2,HAS_FUTURE
218,218,2,HAS_FUTURE
219,219,2,HAS_FUTURE
221,221,2,HAS_FUTURE
222,222,2,HAS_FUTURE
223,223,2,HAS_FUTURE
229,229,2,HAS_FUTURE
232,232,2,HAS_FUTURE
234,234,2,HAS_FUTURE
235,235,2,HAS_FUTURE
236,236,2,HAS_FUTURE
240,240,2,HAS_FUTURE
245,245,2,HAS_FUTURE
248,248,2,HAS_FUTURE
251,251,2,HAS_FUTURE
254,254,2,HAS_FUTURE
255,255,2,HAS_FUTURE
264,264,2,HAS_FUTURE
266,266,2,HAS_FUTURE
268,268,2,HAS_FUTURE
269,269,2,HAS_FUTURE
275,275,2,HAS_FUTURE
284,284,2,HAS_FUTURE
285,285,2,HAS_FUTURE
286,286,2,HAS_FUTURE
288,288,2,HAS_FUTURE
289,289,2,HAS_FUTURE
290,290,2,HAS_FUTURE
291,291,2,HAS_FUTURE
293,293,2,HAS_FUTURE
294,294,2,HAS_FUTURE
295,295,2,HAS_FUTURE
298,298,2,HAS_FUTURE
299,299,2,HAS_FUTURE
301,301,2,HAS_FUTURE
303,303,2,HAS_FUTURE
305,305,2,HAS_FUTURE
306,306,2,HAS_FUTURE
307,307,2,HAS_FUTURE
325,325,2,HAS_FUTURE
326,326,2,HAS_FUTURE
327,327,2,HAS_FUTURE
330,330,2,HAS_FUTURE
332,332,2,HAS_FUTURE
333,333,2,HAS_FUTURE
335,335,2,HAS_FUTURE
337,337,2,HAS_FUTURE
339,339,2,HAS_FUTURE
340,340,2,HAS_FUTURE
343,343,2,HAS_FUTURE
344,344,2,HAS_FUTURE
345,345,2,HAS_FUTURE
346,346,2,HAS_FUTURE
348,348,2,HAS_FUTURE
349,349,2,HAS_FUTURE
350,350,2,HAS_FUTURE
360,360,2,HAS_FUTURE
366,366,2,HAS_FUTURE
374,374,2,HAS_FUTURE
377,377,2,HAS_FUTURE
381,381,2,HAS_FUTURE
382,382,2,HAS_FUTURE
385,385,2,HAS_FUTURE
388,388,2,HAS_FUTURE
393,393,2,HAS_FUTURE
394,394,2,HAS_FUTURE
395,395,2,HAS_FUTURE
397,397,2,HAS_FUTURE
407,407,2,HAS_FUTURE
408,408,2,HAS_FUTURE
412,412,2,HAS_FUTURE
413,413,2,HAS_FUTURE
416,416,2,HAS_FUTURE
421,421,2,HAS_FUTURE
422,422,2,HAS_FUTURE
423,423,2,HAS_FUTURE
424,424,2,HAS_FUTURE
425,425,2,HAS_FUTURE
430,430,2,HAS_FUTURE
431,431,2,HAS_FUTURE
432,432,2,HAS_FUTURE
434,434,2,HAS_FUTURE
437,437,2,HAS_FUTURE
438,438,2,HAS_FUTURE
444,444,2,HAS_FUTURE
448,448,2,HAS_FUTURE
449,449,2,HAS_FUTURE
450,450,2,HAS_FUTURE
451,451,2,HAS_FUTURE
454,454,2,HAS_FUTURE
466,466,2,HAS_FUTURE
470,470,2,HAS_FUTURE
471,471,2,HAS_FUTURE
472,472,2,HAS_FUTURE
475,475,2,HAS_FUTURE
476,476,2,HAS_FUTURE
477,477,2,HAS_FUTURE
478,478,2,HAS_FUTURE
484,484,2,HAS_FUTURE
485,485,2,HAS_FUTURE
487,487,2,HAS_FUTURE
491,491,2,HAS_FUTURE
494,494,2,HAS_FUTURE
496,496,2,HAS_FUTURE
497,497,2,HAS_FUTURE
499,499,2,HAS_FUTURE
511,511,2,HAS_FUTURE
515,515,2,HAS_FUTURE
516,516,2,HAS_FUTURE
517,517,2,HAS_FUTURE
519,519,2,HAS_FUTURE
520,520,2,HAS_FUTURE
521,521,2,HAS_FUTURE
523,523,2,HAS_FUTURE
526,526,2,HAS_FUTURE
527,527,2,HAS_FUTURE
528,528,2,HAS_FUTURE
530,530,2,HAS_FUTURE
532,532,2,HAS_FUTURE
534,534,2,HAS_FUTURE
538,538,2,HAS_FUTURE
539,539,2,HAS_FUTURE
541,541,2,HAS_FUTURE
543,543,2,HAS_FUTURE
545,545,2,HAS_FUTURE
552,552,2,HAS_FUTURE
553,553,2,HAS_FUTURE
556,556,2,HAS_FUTURE
560,560,2,HAS_FUTURE
568,568,2,HAS_FUTURE
571,571,2,HAS_FUTURE
578,578,2,HAS_FUTURE
590,590,2,HAS_FUTURE
591,591,2,HAS_FUTURE
593,593,2,HAS_FUTURE
594,594,2,HAS_FUTURE
595,595,2,HAS_FUTURE
596,596,2,HAS_FUTURE
606,606,2,HAS_FUTURE
612,612,2,HAS_FUTURE
618,618,2,HAS_FUTURE
619,619,2,HAS_FUTURE
621,621,2,HAS_FUTURE
626,626,2,HAS_FUTURE
628,628,2,HAS_FUTURE
629,629,2,HAS_FUTURE
631,631,2,HAS_FUTURE
635,635,2,HAS_FUTURE
641,641,2,HAS_FUTURE
643,643,2,HAS_FUTURE
647,647,2,HAS_FUTURE
650,650,2,HAS_FUTURE
651,651,2,HAS_FUTURE
653,653,2,HAS_FUTURE
654,654,2,HAS_FUTURE
656,656,2,HAS_FUTURE
657,657,2,HAS_FUTURE
658,658,2,HAS_FUTURE
659,659,2,HAS_FUTURE
660,660,2,HAS_FUTURE
661,661,2,HAS_FUTURE
662,662,2,HAS_FUTURE
663,663,2,HAS_FUTURE
664,664,2,HAS_FUTURE
665,665,2,HAS_FUTURE
671,671,2,HAS_FUTURE
679,679,2,HAS_FUTURE
690,690,2,HAS_FUTURE
693,693,2,HAS_FUTURE
694,694,2,HAS_FUTURE
696,696,2,HAS_FUTURE
698,698,2,HAS_FUTURE
699,699,2,HAS_FUTURE
700,700,2,HAS_FUTURE
701,701,2,HAS_FUTURE
702,702,2,HAS_FUTURE
705,705,2,HAS_FUTURE
707,707,2,HAS_FUTURE
709,709,2,HAS_FUTURE
711,711,2,HAS_FUTURE
714,714,2,HAS_FUTURE
715,715,2,HAS_FUTURE
716,716,2,HAS_FUTURE
725,725,2,HAS_FUTURE
726,726,2,HAS_FUTURE
727,727,2,HAS_FUTURE
733,733,2,HAS_FUTURE
734,734,2,HAS_FUTURE
735,735,2,HAS_FUTURE
746,746,2,HAS_FUTURE
749,749,2,HAS_FUTURE
750,750,2,HAS_FUTURE
751,751,2,HAS_FUTURE
753,753,2,HAS_FUTURE
754,754,2,HAS_FUTURE
757,757,2,HAS_FUTURE
758,758,2,HAS_FUTURE
759,759,2,HAS_FUTURE
760,760,2,HAS_FUTURE
763,763,2,HAS_FUTURE
764,764,2,HAS_FUTURE
765,765,2,HAS_FUTURE
768,768,2,HAS_FUTURE
770,770,2,HAS_FUTURE
771,771,2,HAS_FUTURE
772,772,2,HAS_FUTURE
773,773,2,HAS_FUTURE
775,775,2,HAS_FUTURE
776,776,2,HAS_FUTURE
781,781,2,HAS_FUTURE
782,782,2,HAS_FUTURE
794,794,2,HAS_FUTURE
805,805,2,HAS_FUTURE
807,807,2,HAS_FUTURE
809,809,2,HAS_FUTURE
819,819,2,HAS_FUTURE
825,825,2,HAS_FUTURE
827,827,2,HAS_FUTURE
835,835,2,HAS_FUTURE
836,836,2,HAS_FUTURE
838,838,2,HAS_FUTURE
839,839,2,HAS_FUTURE
840,840,2,HAS_FUTURE
843,843,2,HAS_FUTURE
863,863,2,HAS_FUTURE
864,864,2,HAS_FUTURE
868,868,2,HAS_FUTURE
869,869,2,HAS_FUTURE
871,871,2,HAS_FUTURE
872,872,2,HAS_FUTURE
873,873,2,HAS_FUTURE
874,874,2,HAS_FUTURE
875,875,2,HAS_FUTURE
879,879,2,HAS_FUTURE
893,893,2,HAS_FUTURE
896,896,2,HAS_FUTURE
910,910,2,HAS_FUTURE
912,912,2,HAS_FUTURE
916,916,2,HAS_FUTURE
918,918,2,HAS_FUTURE
928,928,2,HAS_FUTURE
930,930,2,HAS_FUTURE
931,931,2,HAS_FUTURE
933,933,2,HAS_FUTURE
934,934,2,HAS_FUTURE
935,935,2,HAS_FUTURE
943,943,2,HAS_FUTURE
948,948,2,HAS_FUTURE
949,949,2,HAS_FUTURE
950,950,2,HAS_FUTURE
951,951,2,HAS_FUTURE
952,952,2,HAS_FUTURE
953,953,2,HAS_FUTURE
954,954,2,HAS_FUTURE
955,955,2,HAS_FUTURE
959,959,2,HAS_FUTURE
961,961,2,HAS_FUTURE
962,962,2,HAS_FUTURE
963,963,2,HAS_FUTURE
964,964,2,HAS_FUTURE
966,966,2,HAS_FUTURE
969,969,2,HAS_FUTURE
971,971,2,HAS_FUTURE
972,972,2,HAS_FUTURE
973,973,2,HAS_FUTURE
974,974,2,HAS_FUTURE
980,980,2,HAS_FUTURE
984,984,2,HAS_FUTURE
986,986,2,HAS_FUTURE
994,994,2,HAS_FUTURE
995,995,2,HAS_FUTURE
1002,1002,2,HAS_FUTURE
1003,1003,2,HAS_FUTURE
1004,1004,2,HAS_FUTURE
1005,1005,2,HAS_FUTURE
1006,1006,2,HAS_FUTURE
1008,1008,2,HAS_FUTURE
1012,1012,2,HAS_FUTURE
1013,1013,2,HAS_FUTURE
1015,1015,2,HAS_FUTURE
