location_id:ID,location_name,:LABEL
49213,"Atlanta, GA",LOCATION
49214,"Chicago, IL",LOCATION
49215,"Schaumburg, IL",LOCATION
49216,"Bolingbrook, IL",LOCATION
49217,"New York, NY",LOCATION
49218,"Seattle, WA",LOCATION
49219,"Highlands Ranch, CO",LOCATION
49220,"Portland, OR",LOCATION
49221,"Los Angeles, CA",LOCATION
49222,"Las Vegas, NV",LOCATION
49223,"Kansas City, MO",LOCATION
49224,"Denver, CO",LOCATION
49225,"Sandy Springs, GA",LOCATION
49226,"Parsippany, NJ",LOCATION
49227,"Eden Prairie, MN",LOCATION
49228,"Austin, TX",LOCATION
49229,"Columbia, SC",LOCATION
49230,"Philadelphia, PA",LOCATION
49231,"Mountain View, CA",LOCATION
49232,"South San Francisco, CA",LOCATION
49233,"Hillsboro, OR",LOCATION
49234,"Redmond, WA",LOCATION
49235,"Beaverton, OR",LOCATION
49236,"San Francisco, CA",LOCATION
49237,"Tampa, FL",LOCATION
49238,"Eagan, MN",LOCATION
49239,"Miami, FL",LOCATION
49240,"Lisle, IL",LOCATION
49241,"Sunnyvale, CA",LOCATION
49242,"Kansas City, KS",LOCATION
49243,"New York City, NY",LOCATION
49244,"Saint Louis, MO",LOCATION
49245,"Bridgewater, NJ",LOCATION
49246,"Chandler, AZ",LOCATION
49247,"Oceanside, CA",LOCATION
49248,"Westlake Village, CA",LOCATION
49249,"Burbank, CA",LOCATION
49250,"Brentwood, CA",LOCATION
49251,"Fort Worth, TX",LOCATION
49252,"Addison, TX",LOCATION
49253,"Plano, TX",LOCATION
49254,"Salem, OR",LOCATION
49255,"Bathesa, MD",LOCATION
49256,"Foster City, CA",LOCATION
49257,"El Segundo, CA",LOCATION
49258,"San Antonio, TX",LOCATION
49259,"Pleasanton, CA",LOCATION
49260,"Westmont, NJ",LOCATION
49261,"Albany, NY",LOCATION
49262,"Woodland Hills, CA",LOCATION
49263,"Vienna, VA",LOCATION
49264,"Alpharetta, GA",LOCATION
49265,"Ny, NY",LOCATION
49266,"Richardson, TX",LOCATION
49267,"Ontario, CA",LOCATION
49268,"Montreal, QC",LOCATION
49269,"Emeryville, CA",LOCATION
49270,"Bellevue, WA",LOCATION
49271,"Tempe, AZ",LOCATION
49272,"Jersey City, NJ",LOCATION
49273,"Vernon Hills, IL",LOCATION
49274,"Melville, NY",LOCATION
49275,"South Brunswick, NJ",LOCATION
49276,"St. Paul, MN",LOCATION
49277,"Herndon, VA",LOCATION
49278,"Fort George G Meade, MD",LOCATION
49279,"Anaheim, CA",LOCATION
49280,"Edgewood, NY",LOCATION
49281,"Clearwater, FL",LOCATION
49282,"Havertown, PA",LOCATION
49283,"Folsom, CA",LOCATION
49284,"Sherman Oaks, CA",LOCATION
49285,"Irvine, CA",LOCATION
49286,"Washington, DC",LOCATION
49287,"Arlington, TX",LOCATION
49288,"Springfield, VA",LOCATION
49289,"Irving, TX",LOCATION
49290,"Clearfield, UT",LOCATION
49291,"Poway, CA",LOCATION
49292,"Pensacola, FL",LOCATION
49293,"Columbia, MD",LOCATION
49294,"Dulles, VA",LOCATION
49295,"Nashville, TN",LOCATION
49296,"San Jose, CA",LOCATION
49297,"Bethesda, MD",LOCATION
49298,"Bloomfield, NJ",LOCATION
49299,"Simi Valley, CA",LOCATION
49300,"Oak Ridge, TN",LOCATION
49301,"Palm Bay, FL",LOCATION
49302,"Phoenix, AZ",LOCATION
49303,"West Sacramento, CA",LOCATION
49304,"Portage, MI",LOCATION
49305,"Pittsburgh, PA",LOCATION
49306,"Tucson, AZ",LOCATION
49307,"Woburn, MA",LOCATION
49308,"Troy, MI",LOCATION
49309,"Sterling, VA",LOCATION
49310,"Jacksonville, FL",LOCATION
49311,"Baltimore, MD",LOCATION
49312,"Stamford, CT",LOCATION
49313,"Clarks Summit, PA",LOCATION
49314,"Scottsdale, AZ",LOCATION
49315,"Milwaukee, WI",LOCATION
49316,"Fort Washington, PA",LOCATION
49317,"Houston, TX",LOCATION
49318,"Laurel, MD",LOCATION
49319,Sacramento,LOCATION
49320,"Manhattan, NY",LOCATION
49321,"Blue Bell, PA",LOCATION
49322,"Glendale, CA",LOCATION
49323,"Getzville, NY",LOCATION
49324,"Long Island City, NY",LOCATION
49325,"Frederick, MD",LOCATION
49326,"Milpitas, CA",LOCATION
49327,"Raleigh, NC",LOCATION
49328,"Santa Ana, CA",LOCATION
49329,"Arlington, VA",LOCATION
49330,"Newport Beach, CA",LOCATION
49331,"Reston, VA",LOCATION
49332,"Virginia Beach, VA",LOCATION
49333,"Annapolis Junction, MD",LOCATION
49334,"Needham, MA",LOCATION
49335,"Mason, OH",LOCATION
49336,"Oakdale, MN",LOCATION
49337,"Clifton, NJ",LOCATION
49338,Santa Clara,LOCATION
49339,"Charlotte, NC",LOCATION
49340,"Orlando, FL",LOCATION
49341,"Broken Arrow, OK",LOCATION
49342,"Saint Paul, MN",LOCATION
49343,"Huntsville, AL",LOCATION
49344,"Lake Success, NY",LOCATION
49345,"Columbus, OH",LOCATION
49346,"Cincinnati, OH",LOCATION
49347,"Paramus, NJ",LOCATION
49348,"Ewing, NJ",LOCATION
49349,"Lenexa, KS",LOCATION
49350,"Wilmington, DE",LOCATION
49351,"Walnut Creek, CA",LOCATION
49352,"Boston, MA",LOCATION
49353,"Minnetonka, MN",LOCATION
49354,"Minneapolis, MN",LOCATION
49355,"Research Triangle Park, NC",LOCATION
49356,"Ashburn, VA",LOCATION
49357,"Monterey Park, CA",LOCATION
49358,"Colesville, MD",LOCATION
49359,"Springfield, MA",LOCATION
49360,"Cambridge, MA",LOCATION
49361,"Waltham, MA",LOCATION
49362,"Framingham, MA",LOCATION
49363,"Marlborough, MA",LOCATION
49364,"Cumberland, RI",LOCATION
49365,"Hartford, CT",LOCATION
49366,"South Windsor, CT",LOCATION
49367,"Andover, MA",LOCATION
49368,"Hanscom Afb, MA",LOCATION
49369,"Hopkinton, MA",LOCATION
49370,"Woonsocket, RI",LOCATION
49371,"Southborough, MA",LOCATION
49372,"Ellington, CT",LOCATION
49373,"Westford, MA",LOCATION
49374,"Enfield, CT",LOCATION
49375,"East Hartford, CT",LOCATION
49376,"Watertown, MA",LOCATION
49377,"East Granby, CT",LOCATION
49378,"Somerville, MA",LOCATION
49379,"Wilmington, MA",LOCATION
49380,"Chelmsford, MA",LOCATION
49381,"Bedford, MA",LOCATION
49382,"Burlington, MA",LOCATION
49383,"Quincy, MA",LOCATION
49384,"Salem, NH",LOCATION
49385,"Lexington, MA",LOCATION
49386,"Portland, ME",LOCATION
49387,"Unspecified, CT",LOCATION
49388,"Billerica, MA",LOCATION
49389,"Hampden, MA",LOCATION
49390,"Manchester, NH",LOCATION
49391,"Peabody, MA",LOCATION
49392,"Unspecified, MA",LOCATION
49393,"Beverly, MA",LOCATION
49394,"Newburyport, MA",LOCATION
49395,"Middleboro, MA",LOCATION
49396,"Glastonbury, CT",LOCATION
49397,"Windsor, CT",LOCATION
49398,"West Hartford, CT",LOCATION
49399,"Warwick, RI",LOCATION
49400,"Newton, MA",LOCATION
49401,"Dover, NH",LOCATION
49402,"Dover, MA",LOCATION
49403,"Brighton, MA",LOCATION
49404,"Dedham, MA",LOCATION
49405,"New Britain, CT",LOCATION
49406,"Nashua, NH",LOCATION
49407,"Exeter, NH",LOCATION
49408,"Wellesley, MA",LOCATION
49409,"Lowell, MA",LOCATION
49410,"Natick, MA",LOCATION
49411,"Providence, RI",LOCATION
49412,"Groton, CT",LOCATION
49413,"Norwood, MA",LOCATION
49414,"Brockton, MA",LOCATION
49415,"Westborough, MA",LOCATION
49416,"Portsmouth, NH",LOCATION
49417,"Littleton, MA",LOCATION
49418,"North Kingstown, RI",LOCATION
49419,"Windsor Locks, CT",LOCATION
49420,"Middletown, CT",LOCATION
49421,"Marlboro., MA",LOCATION
49422,"Durham, NH",LOCATION
49423,"Stow, MA",LOCATION
49424,"Norwell, MA",LOCATION
49425,"Boxborough, MA",LOCATION
49426,"Malden, MA",LOCATION
49427,"Keene, NH",LOCATION
49428,"Norwich, CT",LOCATION
49429,"North Andover, MA",LOCATION
49430,"Holyoke, MA",LOCATION
49431,"Storrs, CT",LOCATION
49432,"Rocky Hill, CT",LOCATION
49433,"Dorchester, MA",LOCATION
49434,"Medford, MA",LOCATION
49435,"Hudson, MA",LOCATION
49436,"Webster, MA",LOCATION
49437,"Ayer, MA",LOCATION
49438,"Boston,, MA",LOCATION
49439,"Acton, MA",LOCATION
49440,"Bloomfield, CT",LOCATION
49441,"Concord, NH",LOCATION
49442,"North Quincy, MA",LOCATION
49443,"Norton, MA",LOCATION
49444,"Sudbury, MA",LOCATION
49445,"Milford, MA",LOCATION
49446,"Westbrook, ME",LOCATION
49447,"Wakefield, RI",LOCATION
49448,"West Warwick, RI",LOCATION
49449,"Oxford, MA",LOCATION
49450,"Mansfield, MA",LOCATION
49451,"Newport, RI",LOCATION
49452,"Maynard, MA",LOCATION
49453,"Devens, MA",LOCATION
49454,"Concord, MA",LOCATION
49455,"Wakefield, MA",LOCATION
49456,"Westminster, MA",LOCATION
49457,"Lawrence, MA",LOCATION
49458,"Burlington,, MA",LOCATION
49459,"Charlestown, MA",LOCATION
49460,"Raynham, MA",LOCATION
49461,"Danvers, MA",LOCATION
49462,"Westboro, MA",LOCATION
49463,"Dresher, PA",LOCATION
49464,"Exeter, RI",LOCATION
49465,"Taunton, MA",LOCATION
49466,"Clinton, MA",LOCATION
49467,"Agawam, MA",LOCATION
49468,"Cranston, RI",LOCATION
49469,"Bridgewater, MA",LOCATION
49470,"Weymouth, MA",LOCATION
49471,"Meredith, NH",LOCATION
49472,"South Portland, ME",LOCATION
49473,"Haverhill, MA",LOCATION
49474,"Simsbury, CT",LOCATION
49475,"Southboro, MA",LOCATION
49476,"Methuen, MA",LOCATION
49477,"Auburn, NH",LOCATION
49478,"Chelsea, MA",LOCATION
49479,"Brattleboro, VT",LOCATION
49480,"Woods Hole, MA",LOCATION
49481,"Nantucket, MA",LOCATION
49482,"Ipswich, MA",LOCATION
49483,"Worcester, MA",LOCATION
49484,"Lincoln, RI",LOCATION
49485,"Rye, NH",LOCATION
49486,"Holliston, MA",LOCATION
49487,"Claremont, NH",LOCATION
49488,"Middletown, RI",LOCATION
49489,"Plymouth, MA",LOCATION
49490,"Dallas, TX",LOCATION
49491,"Coppell, TX",LOCATION
49492,"Frisco, TX",LOCATION
49493,"Franklin, MA",LOCATION
49494,"Allen, TX",LOCATION
49495,"Southlake, TX",LOCATION
49496,"Scarborough, ME",LOCATION
49497,"Ft. Worth, TX",LOCATION
49498,"Westlake, TX",LOCATION
49499,"Carrollton, TX",LOCATION
49500,"Hurst, TX",LOCATION
49501,"Tewksbury, MA",LOCATION
49502,"Farmers Branch, TX",LOCATION
49503,"Corinth, TX",LOCATION
49504,"Flower Mound, TX",LOCATION
49505,"Lewisville, TX",LOCATION
49506,"Hooksett, NH",LOCATION
49507,"Merrimack, NH",LOCATION
49508,"Willow Park, TX",LOCATION
49509,"Grand Prairie, TX",LOCATION
49510,"Roanoke, TX",LOCATION
49511,"Contoocook, NH",LOCATION
49512,"University Park, TX",LOCATION
49513,"Smithfield, RI",LOCATION
49514,"Erlanger, KY",LOCATION
49515,"New London, CT",LOCATION
49516,"The Colony, TX",LOCATION
49517,"Grapevine, TX",LOCATION
49518,"San Ramon, CA",LOCATION
49519,"Newark, CA",LOCATION
49520,"Statesville, NC",LOCATION
49521,"Greenville, SC",LOCATION
49522,"Sacramento, CA",LOCATION
49523,"Rancho Cordova, CA",LOCATION
49524,"Campbell, CA",LOCATION
49525,"Greensboro, NC",LOCATION
49526,"Santa Clara, CA",LOCATION
49527,"Mooresville, NC",LOCATION
49528,"Winston Salem, NC",LOCATION
49529,"Iselin, NJ",LOCATION
49530,"Newark, NJ",LOCATION
49531,"Basking Ridge, NJ",LOCATION
49532,"White Plains, NY",LOCATION
49533,"Mahwah, NJ",LOCATION
49534,"Princeton, NJ",LOCATION
49535,"Roseland, NJ",LOCATION
49536,"Rye, NY",LOCATION
49537,"Hopewell, NJ",LOCATION
49538,"Lansdale, PA",LOCATION
49539,"King Of Prussia, PA",LOCATION
49540,"Trumbull, CT",LOCATION
49541,"Norwalk, CT",LOCATION
49542,"Elmwood Park, NJ",LOCATION
49543,"Rockaway, NJ",LOCATION
49544,"Piscataway, NJ",LOCATION
49545,"Lebanon, NJ",LOCATION
49546,"Wayne, PA",LOCATION
49547,"Bridgeport, CT",LOCATION
49548,"East Hanover, NJ",LOCATION
49549,"Plainsboro, NJ",LOCATION
49550,"Hamilton, NJ",LOCATION
49551,"Edison, NJ",LOCATION
49552,"New Haven, CT",LOCATION
49553,"Bay Shore, NY",LOCATION
49554,"Centerbrook, CT",LOCATION
49555,"Warren, NJ",LOCATION
49556,"Plainview, NY",LOCATION
49557,"Middletown, NJ",LOCATION
49558,"Pennington, NJ",LOCATION
49559,"Hauppauge, NY",LOCATION
49560,"Pompton Lakes, NJ",LOCATION
49561,"Wayne, NJ",LOCATION
49562,"New Hyde Park, NY",LOCATION
49563,"Malvern, PA",LOCATION
49564,"Jenkintown, PA",LOCATION
49565,"Great Neck, NY",LOCATION
49566,"Camden, NJ",LOCATION
49567,"Allentown, PA",LOCATION
49568,"Collegeville, PA",LOCATION
49569,"Voorhees, NJ",LOCATION
49570,"Cherry Hill, NJ",LOCATION
49571,"Brooklyn, NY",LOCATION
49572,"Mineola, NY",LOCATION
49573,"Holmdel, NJ",LOCATION
49574,"Mount Laurel, NJ",LOCATION
49575,"Elizabeth, NJ",LOCATION
49576,"Southampton, PA",LOCATION
49577,"Oakland, NJ",LOCATION
49578,"Garden City, NY",LOCATION
49579,"Trevose, PA",LOCATION
49580,"Willow Grove, PA",LOCATION
49581,"Fort Lee, NJ",LOCATION
49582,"Bernardsville, NJ",LOCATION
49583,"Ridgewood, NJ",LOCATION
49584,"Farmington, CT",LOCATION
49585,"Hoboken, NJ",LOCATION
49586,"Wilton, CT",LOCATION
49587,"Ramsey, NJ",LOCATION
49588,"Astoria, NY",LOCATION
49589,"Marlton, NJ",LOCATION
49590,"New Brunswick, NJ",LOCATION
49591,"Yardley, PA",LOCATION
49592,"Westchester, NY",LOCATION
49593,"Morristown, NJ",LOCATION
49594,"Nyc, NY",LOCATION
49595,"Somerset, NJ",LOCATION
49596,"East Windsor, NJ",LOCATION
49597,"Bethlehem, PA",LOCATION
49598,"Whippany, NJ",LOCATION
49599,"Weehawken, NJ",LOCATION
49600,"Raritan, NJ",LOCATION
49601,"Bronx, NY",LOCATION
49602,"Jamaica, NY",LOCATION
49603,"Danbury, CT",LOCATION
49604,"Rahway, NJ",LOCATION
49605,"Englewood Cliffs, NJ",LOCATION
49606,"Berkeley Heights, NJ",LOCATION
49607,"Cranford, NJ",LOCATION
49608,"Mount Olive, NJ",LOCATION
49609,"Pearl River, NY",LOCATION
49610,"Trenton, NJ",LOCATION
49611,"Branchburg, NJ",LOCATION
49612,"Radnor, PA",LOCATION
49613,"Orange, CT",LOCATION
49614,"Langhorne, PA",LOCATION
49615,"Orangeburg, NY",LOCATION
49616,"Port Washington, NY",LOCATION
49617,"Paulsboro, NJ",LOCATION
49618,"Stony Brook, NY",LOCATION
49619,"Cranbury, NJ",LOCATION
49620,"Rochelle Park, NJ",LOCATION
49621,"Morris Plains, NJ",LOCATION
49622,"Horsham, PA",LOCATION
49623,"Chester, CT",LOCATION
49624,"Middletown, NY",LOCATION
49625,"Hicksville, NY",LOCATION
49626,"Union, NJ",LOCATION
49627,"Monmouth Junction, NJ",LOCATION
49628,"Devon, PA",LOCATION
49629,"Rockleigh, NJ",LOCATION
49630,"Conshohocken, PA",LOCATION
49631,"Burlington, NJ",LOCATION
49632,"Plymouth Meeting, PA",LOCATION
49633,"Ambler, PA",LOCATION
49634,"Ridgefield Park, NJ",LOCATION
49635,"Titusville, NJ",LOCATION
49636,"Woodbridge, NJ",LOCATION
49637,"Montvale, NJ",LOCATION
49638,"Summit, NJ",LOCATION
49639,"Whitehouse Station, NJ",LOCATION
49640,"Bristol, CT",LOCATION
49641,"Allendale, NJ",LOCATION
49642,"Cedar Knolls, NJ",LOCATION
49643,"Atlantic City, NJ",LOCATION
49644,"Meriden, CT",LOCATION
49645,"Hackensack, NJ",LOCATION
49646,"Tarrytown, NY",LOCATION
49647,"Albertson, NY",LOCATION
49648,"Murray Hill, NJ",LOCATION
49649,"Purchase, NY",LOCATION
49650,"Old Greenwich, CT",LOCATION
49651,"Greenwich, CT",LOCATION
49652,"Bedminster, NJ",LOCATION
49653,"Upper Saddle River, NJ",LOCATION
49654,"West Orange, NJ",LOCATION
49655,"Bala Cynwyd, PA",LOCATION
49656,"Jersey City,, NJ",LOCATION
49657,"Teterboro, NJ",LOCATION
49658,"Sandy Hook, CT",LOCATION
49659,"Branford, CT",LOCATION
49660,"Westbury, NY",LOCATION
49661,"Queens, NY",LOCATION
49662,"Doylestown, PA",LOCATION
49663,"Wawa, PA",LOCATION
49664,"Norristown, PA",LOCATION
49665,"Shelton, CT",LOCATION
49666,"Newington, CT",LOCATION
49667,"Springfield, NJ",LOCATION
49668,"Villanova, PA",LOCATION
49669,"Dover, NJ",LOCATION
49670,"Yonkers, NY",LOCATION
49671,"Short Hills, NJ",LOCATION
49672,"Princeton Junction, NJ",LOCATION
49673,"Livingston, NJ",LOCATION
49674,"Woodcliff Lake, NJ",LOCATION
49675,"Fairfield, CT",LOCATION
49676,"Moorestown, NJ",LOCATION
49677,"Coopersburg, PA",LOCATION
49678,"West Windsor, NJ",LOCATION
49679,"Wethersfield, CT",LOCATION
49680,"Secaucus, NJ",LOCATION
49681,"Roseville, CA",LOCATION
49682,"Fremont, CA",LOCATION
49683,"Menlo Park, CA",LOCATION
49684,"Commack, NY",LOCATION
49685,"Cupertino, CA",LOCATION
49686,"Modesto, CA",LOCATION
49687,"Novato, CA",LOCATION
49688,"Warrington, PA",LOCATION
49689,"San Mateo, CA",LOCATION
49690,"Harrison, NJ",LOCATION
49691,"Oakland, CA",LOCATION
49692,"Jericho, NY",LOCATION
49693,"Manayunk, PA",LOCATION
49694,"Seaside, CA",LOCATION
49695,"Valhalla, NY",LOCATION
49696,"Benicia, CA",LOCATION
49697,"Mcclellan, CA",LOCATION
49698,"Franklin Lakes, NJ",LOCATION
49699,"Redwood City, CA",LOCATION
49700,"Flemington, NJ",LOCATION
49701,"Mather, CA",LOCATION
49702,"Palo Alto, CA",LOCATION
49703,"Lyndhurst, NJ",LOCATION
49704,"Newtown Square, PA",LOCATION
49705,"Corte Madera, CA",LOCATION
49706,"Rutherford, NJ",LOCATION
49707,"New Providence, NJ",LOCATION
49708,"Jamesburg, NJ",LOCATION
49709,"Stanford, CA",LOCATION
49710,"East Fishkill, NY",LOCATION
49711,"Rye Brook, NY",LOCATION
49712,"Monterey, CA",LOCATION
49713,"Hackettstown, NJ",LOCATION
49714,"Royersford, PA",LOCATION
49715,"Little Falls, NJ",LOCATION
49716,"Richmond, VA",LOCATION
49717,"Englewood, CO",LOCATION
49718,"Grand Island, NE",LOCATION
49719,"Kennett Square, PA",LOCATION
49720,"Culver City, CA",LOCATION
49721,"Bakersfield, CA",LOCATION
49722,"Naperville, IL",LOCATION
49723,"Fort Lauderdale, FL",LOCATION
49724,"West Greenwich, RI",LOCATION
49725,"Owings Mills, MD",LOCATION
49726,"Olympia, WA",LOCATION
49727,"Glendale, AZ",LOCATION
49728,"Kirkland, WA",LOCATION
49729,"Tumwater, WA",LOCATION
49730,"Bothell, WA",LOCATION
49731,"Tacoma, WA",LOCATION
49732,"Edmonds, WA",LOCATION
49733,"Renton, WA",LOCATION
49734,"Lacey, WA",LOCATION
49735,"Issaquah, WA",LOCATION
49736,"Kent, WA",LOCATION
49737,"Everett, WA",LOCATION
49738,"Seatac, WA",LOCATION
49739,"Mount Vernon, WA",LOCATION
49740,"Puyallup, WA",LOCATION
49741,"Federal Way, WA",LOCATION
49742,"Mountlake Terrace, WA",LOCATION
49743,"Sugar Land, TX",LOCATION
49744,"Spring, TX",LOCATION
49745,"The Woodlands, TX",LOCATION
49746,"Bunker Hill Village, TX",LOCATION
49747,"Stafford, TX",LOCATION
49748,"Webster, TX",LOCATION
49749,"El Campo, TX",LOCATION
49750,"Bainbridge Island, WA",LOCATION
49751,"Ferndale, WA",LOCATION
49752,"Lynnwood, WA",LOCATION
49753,"Piney Point, TX",LOCATION
49754,"Houston, Texas, TX",LOCATION
49755,"Bryan, TX",LOCATION
49756,"Unspecified, WA",LOCATION
49757,"Auburn, WA",LOCATION
49758,"Snoqualmie, WA",LOCATION
49759,"Pearland, TX",LOCATION
49760,"Beaumont, TX",LOCATION
49761,"Fort Lewis, WA",LOCATION
49762,"Houston - Northwest, TX",LOCATION
49763,"Tukwila, WA",LOCATION
49764,"Bremerton, WA",LOCATION
49765,"Torrance, CA",LOCATION
49766,"Wadsworth, TX",LOCATION
49767,Ca,LOCATION
49768,"Katy, TX",LOCATION
49769,"Orange, CA",LOCATION
49770,"Bellaire, TX",LOCATION
49771,"Huntington Beach, CA",LOCATION
49772,"Riverside, CA",LOCATION
49773,"Pasadena, CA",LOCATION
49774,"Galveston, TX",LOCATION
49775,"Newbury Park, CA",LOCATION
49776,"Buena Park, CA",LOCATION
49777,"Temecula, CA",LOCATION
49778,"Humble, TX",LOCATION
49779,"Cerritos, CA",LOCATION
49780,"Dickinson, TX",LOCATION
49781,"Houston,, TX",LOCATION
49782,"Edwards Afb, CA",LOCATION
49783,"Long Beach, CA",LOCATION
49784,"Costa Mesa, CA",LOCATION
49785,"Carlsbad, CA",LOCATION
49786,"Thousand Oaks, CA",LOCATION
49787,United States,LOCATION
49788,"Memphis, TN",LOCATION
49789,"Alexandria, VA",LOCATION
49790,"Indianapolis, IN",LOCATION
49791,"Des Moines, IA",LOCATION
49792,"Moline, IL",LOCATION
49793,"Teaneck, NJ",LOCATION
49794,"Painted Post, NY",LOCATION
49795,"Dublin, OH",LOCATION
49796,"Melbourne, FL",LOCATION
49797,"Detroit, MI",LOCATION
49798,"East Norriton, PA",LOCATION
49799,"Rockville, MD",LOCATION
49800,"Charleston, SC",LOCATION
49801,"Rochester, NY",LOCATION
49802,"Monroe, NY",LOCATION
49803,Mexico City,LOCATION
49804,"Iowa City, IA",LOCATION
49805,"St. Petersburg, FL",LOCATION
49806,"Columbus, NE",LOCATION
49807,"Deerfield, IL",LOCATION
49808,"Sidney, NE",LOCATION
49809,"Chattanooga, TN",LOCATION
49810,"Cary, NC",LOCATION
49811,"Lenoir, NC",LOCATION
49812,"Madison, WI",LOCATION
49813,"Newport News, VA",LOCATION
49814,"Aberdeen, MD",LOCATION
49815,"Franklin, WI",LOCATION
49816,"West Point, PA",LOCATION
49817,"Cedar Rapids, IA",LOCATION
49818,"Flanders, NJ",LOCATION
49819,"Norfolk, VA",LOCATION
49820,"Greenbelt, MD",LOCATION
49821,"Peachtree City, GA",LOCATION
49822,"Johns Creek, GA",LOCATION
49823,"Gainesville, GA",LOCATION
49824,"Decatur, GA",LOCATION
49825,"Athens, GA",LOCATION
49826,"Duluth, GA",LOCATION
49827,"Columbus, GA",LOCATION
49828,"Buckhead, GA",LOCATION
49829,"Pendergrass, GA",LOCATION
49830,"Oakwood, GA",LOCATION
49831,"Marietta, GA",LOCATION
49832,"Smyrna, GA",LOCATION
49833,"Kennesaw, GA",LOCATION
49834,"Covington, GA",LOCATION
49835,"Warner Robins, GA",LOCATION
49836,"College Park, GA",LOCATION
49837,"Cumming, GA",LOCATION
49838,"Dunwoody, GA",LOCATION
49839,"Norcross, GA",LOCATION
49840,"Suwanee, GA",LOCATION
49841,"Ball Ground, GA",LOCATION
49842,"Macon, GA",LOCATION
49843,"Atlanta - Buckhead, GA",LOCATION
49844,"Eatonton, GA",LOCATION
49845,"Buford, GA",LOCATION
49846,"Norcross,, GA",LOCATION
49847,"Doraville, GA",LOCATION
49848,"Roswell, GA",LOCATION
49849,"Johns Creek/, GA",LOCATION
49850,"Lawrenceville, GA",LOCATION
49851,"Lithonia, GA",LOCATION
49852,"Austell, GA",LOCATION
49853,"Bogart, GA",LOCATION
49854,Va,LOCATION
49855,"Mclean, VA",LOCATION
49856,"Falls Church, Va, VA",LOCATION
49857,"Fairfax, VA",LOCATION
49858,"Gaithersburg, MD",LOCATION
49859,"Mechanicsville, VA",LOCATION
49860,"Chantilly, VA",LOCATION
49861,"Ellicott City, MD",LOCATION
49862,"Middle River, MD",LOCATION
49863,"Falls Church, VA",LOCATION
49864,"College Park, MD",LOCATION
49865,"Lanham, MD",LOCATION
49866,"Parkville, MD",LOCATION
49867,"Washington, WA",LOCATION
49868,"Gainesville, VA",LOCATION
49869,"Hollywood, MD",LOCATION
49870,"Linthicum, MD",LOCATION
49871,"Silver Spring, MD",LOCATION
49872,Dc,LOCATION
49873,"Germantown, MD",LOCATION
49874,"Towson, MD",LOCATION
49875,"Washington, Dc, DC",LOCATION
49876,"Edgewood, MD",LOCATION
49877,"Fort Meade, MD",LOCATION
49878,"Fort Detrick, MD",LOCATION
49879,"Fort Belvoir, VA",LOCATION
49880,De,LOCATION
49881,"Tysons Corner, VA",LOCATION
49882,"Richmond City, VA",LOCATION
49883,"Newark, PA",LOCATION
49884,"Suitland, MD",LOCATION
49885,"Washington Dc, DC",LOCATION
49886,"Marietta, PA",LOCATION
49887,"Lorton, VA",LOCATION
49888,"Glen Allen, VA",LOCATION
49889,"Sarasota, VA",LOCATION
49890,"Adelphi, MD",LOCATION
49891,"North Bethesda, MD",LOCATION
49892,"Belcamp, MD",LOCATION
49893,"Newark, DE",LOCATION
49894,"Hanover, MD",LOCATION
49895,"Crystal City, VA",LOCATION
49896,"Chevy Chase Section Three, MD",LOCATION
49897,Md,LOCATION
49898,"Hamilton, VA",LOCATION
49899,"Acworth, GA",LOCATION
49900,"Annapolis, MD",LOCATION
49901,"Pikesville, MD",LOCATION
49902,"Manassas, VA",LOCATION
49903,"Cheaspeak, VA",LOCATION
49904,"Harrisburg, PA",LOCATION
49905,"Sparks, MD",LOCATION
49906,"Dearborn, MI",LOCATION
49907,"Carmel, IN",LOCATION
49908,"San Bruno, CA",LOCATION
49909,"Cleveland, OH",LOCATION
49910,"Springfield, IL",LOCATION
49911,"Omaha, NE",LOCATION
49912,"Lafayette, LA",LOCATION
49913,"Islandia, NY",LOCATION
49914,"Wauwatosa, WI",LOCATION
49915,"Mayfield Village, OH",LOCATION
49916,"Santa Monica, CA",LOCATION
49917,"Columbus, IN",LOCATION
49918,"Bloomington, MN",LOCATION
49919,Any City,LOCATION
49920,"Neenah, WI",LOCATION
49921,"Coral Gables, FL",LOCATION
49922,"Harrison, NY",LOCATION
49923,"Rockford, IL",LOCATION
49924,"Louisville, KY",LOCATION
49925,"Holtsville, NY",LOCATION
49926,"Largo, MD",LOCATION
49927,"Colorado Springs, CO",LOCATION
49928,"Unspecified, FL",LOCATION
49929,"Lansing, MI",LOCATION
49930,"Allen Park, MI",LOCATION
49931,"Buffalo, NY",LOCATION
49932,"Plantation, FL",LOCATION
49933,"Glenview, IL",LOCATION
49934,"Sioux Falls, SD",LOCATION
49935,"Greenwood Village, CO",LOCATION
49936,"Ft. Lauderdale, FL",LOCATION
49937,"Boise, ID",LOCATION
49938,"Overland Park, KS",LOCATION
49939,"Santa Barbara, CA",LOCATION
49940,"Odenton, MD",LOCATION
49941,"Salt Lake City, UT",LOCATION
49942,"Richfield, MN",LOCATION
49943,"Little Rock, AR",LOCATION
49944,"Syracuse, NY",LOCATION
49945,"Birmingham, AL",LOCATION
49946,"Centennial, CO",LOCATION
49947,"San Diego, CA",LOCATION
49948,"Chevy Chase, MD",LOCATION
49949,"Cheverly, MD",LOCATION
49950,"Fort Huachuca, AZ",LOCATION
49951,"Toronto, ON",LOCATION
49952,"Old Saybrook, CT",LOCATION
49953,"Mayfield Village, Oh, OH",LOCATION
49954,"Waukesha, WI",LOCATION
49955,"Waterbury, CT",LOCATION
49956,"Auburn, IN",LOCATION
49957,"Offsite Bay, CA",LOCATION
49958,"Mission, KS",LOCATION
49959,"Topeka, KS",LOCATION
49960,"Twin Cities, MN",LOCATION
49961,"San Carlos, CA",LOCATION
49962,"Mc Lean, VA",LOCATION
49963,"Naples, FL",LOCATION
49964,"Westwood, CA",LOCATION
49965,"Blue Ash, OH",LOCATION
49966,"Roseburg, OR",LOCATION
49967,"Oakbrook Terrace, IL",LOCATION
49968,"Marina Del Rey, CA",LOCATION
49969,"Lexington Park, MD",LOCATION
49970,"North Canton, OH",LOCATION
49971,"Southfield, MI",LOCATION
49972,"Fort Myers, FL",LOCATION
49973,Bangkok,LOCATION
49974,"Ottawa, ON",LOCATION
49975,Hyderabad,LOCATION
49976,"Nevada, NV",LOCATION
49977,"New Orleans, LA",LOCATION
49978,"Honolulu, HI",LOCATION
49979,"Cheswick, PA",LOCATION
49980,"Boca Raton, FL",LOCATION
49981,"Fresno, CA",LOCATION
49982,"Jacksonville Downtown, FL",LOCATION
49983,"New Carrollton, MD",LOCATION
49984,"Grand Rapids, MI",LOCATION
49985,"Dahlgren, VA",LOCATION
49986,"Mounds View, MN",LOCATION
49987,"Dania Beach, FL",LOCATION
49988,Bangalore,LOCATION
49989,"South Sioux City, NE",LOCATION
49990,"Tuscaloosa, AL",LOCATION
49991,"Farmington Hills, MI",LOCATION
49992,"Mississauga, ON",LOCATION
49993,"Dallas - Galleria, TX",LOCATION
49994,"West Des Moines, IA",LOCATION
49995,"Edmonton, AB",LOCATION
49996,"Fort Rucker, AL",LOCATION
49997,"West Palm Beach, FL",LOCATION
49998,"Tulsa, OK",LOCATION
49999,"New York - Midtown, NY",LOCATION
50000,"Midland, TX",LOCATION
50001,"Ann Arbor, MI",LOCATION
50002,"Thomasville, NC",LOCATION
50003,Brentwood,LOCATION
50004,"Lawrence, KS",LOCATION
50005,"Lexington, KY",LOCATION
50006,"Albuquerque, NM",LOCATION
50007,"Hershey, PA",LOCATION
50008,"Verona, WI",LOCATION
50009,"Fairfield, OH",LOCATION
50010,"Marshalltown, IA",LOCATION
50011,"Shawnee Mission, KS",LOCATION
50012,"Point Mugu Nawc, CA",LOCATION
50013,"Bolivar, MO",LOCATION
50014,"New Jersey, NJ",LOCATION
50015,"Strongsville, OH",LOCATION
50016,"La Jolla, CA",LOCATION
50017,"Morrisville, NC",LOCATION
50018,"North York, ON",LOCATION
50019,"Thanksgiving Point, UT",LOCATION
50020,"Clayton, IN",LOCATION
50021,"Prairie Village, KS",LOCATION
50022,"Louisville, CO",LOCATION
50023,"Chesterfield, MO",LOCATION
50024,Peterborough,LOCATION
50025,"Stockton, CA",LOCATION
50026,"Sylmar, CA",LOCATION
50027,"South Amboy, NJ",LOCATION
50028,"Portage, WI",LOCATION
50029,"Portsmouth, RI",LOCATION
50030,"Patuxent River, MD",LOCATION
50031,"Oklahoma City, OK",LOCATION
50032,"Ofallon, MO",LOCATION
50033,"Bethpage, NY",LOCATION
50034,"Royal Oak, MI",LOCATION
50035,"District Of Columbia, DC",LOCATION
50036,"Red Bank, NJ",LOCATION
50037,"Halifax, NS",LOCATION
50038,"Lincoln, NE",LOCATION
50039,"Quantico, VA",LOCATION
50040,"Westminster, CO",LOCATION
50041,"Alameda, CA",LOCATION
50042,"Monroe, MI",LOCATION
50043,"Encinitas, CA",LOCATION
50044,"Venice, CA",LOCATION
50045,"Pleasant Hill, CA",LOCATION
50046,"Draper, UT",LOCATION
50047,"Center Valley, PA",LOCATION
50048,"Hoffman Estates, IL",LOCATION
50049,"Derwood, MD",LOCATION
50050,"Hartford South, CT",LOCATION
50051,"Florence, KY",LOCATION
50052,"Fairfield, NJ",LOCATION
50053,"Beford, MA",LOCATION
50054,"Richmond, OH",LOCATION
50055,"Council Bluffs, IA",LOCATION
50056,"Lexington, SC",LOCATION
50057,"Florham Park, NJ",LOCATION
50058,"Fort Stockton, TX",LOCATION
50059,"Waterbury, VT",LOCATION
50060,"Lake Forest, IL",LOCATION
50061,"Orange County, CA",LOCATION
50062,"Dexter, MI",LOCATION
50063,"Reno, NV",LOCATION
50064,"Mill Valley, CA",LOCATION
50065,"Richmond West, VA",LOCATION
50066,"Clayton, MO",LOCATION
50067,"Bristol, PA",LOCATION
50068,"Falmouth, ME",LOCATION
50069,"Maple Shade, NJ",LOCATION
50070,"Gurnee, IL",LOCATION
50071,Sunnyvale,LOCATION
50072,Phila,LOCATION
50073,Toronto,LOCATION
50074,"Universal City, CA",LOCATION
50075,"Lafayette, CO",LOCATION
50076,"West Chester, PA",LOCATION
50077,"Tinton Falls, NJ",LOCATION
50078,"Akron, OH",LOCATION
50079,"Briarwood, KY",LOCATION
50080,"D, WA",LOCATION
50081,Cherry Hill,LOCATION
50082,"New York, PA",LOCATION
50083,"Aliso Viejo, CA",LOCATION
50084,"Kenilworth, NJ",LOCATION
50085,"Lakeside, VA",LOCATION
50086,"Muscatine, IA",LOCATION
50087,"Mattawan, MI",LOCATION
50088,"Ronkonkoma, NY",LOCATION
50089,"Minerva, OH",LOCATION
50090,"Roxboro, NC",LOCATION
50091,"Oakbrook, IL",LOCATION
50092,"El Paso, TX",LOCATION
50093,"St. Pete, FL",LOCATION
50094,"Thurmont, MD",LOCATION
50095,"Scott Afb, IL",LOCATION
50096,"East Saint Louis, IL",LOCATION
50097,"Boone, IA",LOCATION
50098,"Syosset, NY",LOCATION
50099,"Valley Forge, PA",LOCATION
50100,"Woodbury, NY",LOCATION
50101,"Wallingford, CT",LOCATION
50102,"Sharon Hill, PA",LOCATION
50103,"Metuchen, NJ",LOCATION
50104,"Edgewater Park, NJ",LOCATION
50105,"Picatinny Arsenal, NJ",LOCATION
50106,"Colmar, PA",LOCATION
50107,"Harleysville, PA",LOCATION
50108,"Broomall, PA",LOCATION
50109,"Woodcrest, NJ",LOCATION
50110,"Eatontown, NJ",LOCATION
50111,"Media, PA",LOCATION
50112,"Bryn Mawr, PA",LOCATION
50113,"East Haven, CT",LOCATION
50114,"Poughkeepsie, NY",LOCATION
50115,"Berlin, CT",LOCATION
50116,"Huntingdon Valley, PA",LOCATION
50117,"Hasbrouck Heights, NJ",LOCATION
50118,"Audubon, PA",LOCATION
50119,"Maplewood, NJ",LOCATION
50120,"Totowa, NJ",LOCATION
50121,"Peapack, NJ",LOCATION
50122,"Egg Harbor Township, NJ",LOCATION
50123,"Englewood, NJ",LOCATION
50124,"Port Jervis, NY",LOCATION
50125,"Chester, NJ",LOCATION
50126,"Westport, CT",LOCATION
50127,"Briarcliff Manor, NY",LOCATION
50128,"Exton, PA",LOCATION
50129,"Telford, PA",LOCATION
50130,"Skillman, NJ",LOCATION
50131,"Newburgh, NY",LOCATION
50132,"Somerville, NJ",LOCATION
50133,"Pottstown, PA",LOCATION
50134,"Lawrence, NJ",LOCATION
50135,"Wappingers Falls, NY",LOCATION
50136,"Chesterbrook, PA",LOCATION
50137,"Avon, CT",LOCATION
50138,"Edison,, NJ",LOCATION
50139,"Brentwood, NY",LOCATION
50140,"Ardmore, PA",LOCATION
50141,"Edison*, NJ",LOCATION
50142,"Milford, CT",LOCATION
50143,"Montebello, NY",LOCATION
50144,"Lawrenceville, NJ",LOCATION
50145,"Cheshire, CT",LOCATION
50146,"Irvington, NY",LOCATION
50147,"Rocklin, CA",LOCATION
50148,"El Dorado Hills, CA",LOCATION
50149,Delhi,LOCATION
50150,"San Rafael, CA",LOCATION
50151,"Mendham, NJ",LOCATION
50152,"Newton, NJ",LOCATION
50153,"North Haven, CT",LOCATION
50154,"Hercules, CA",LOCATION
50155,"Hayward, CA",LOCATION
50156,"Dublin And Santa Jose, CA",LOCATION
50157,"Stratford, CT",LOCATION
50158,San Francisco,LOCATION
50159,"Watsonville, CA",LOCATION
50160,"Davis, CA",LOCATION
50161,"Rohnert Park, CA",LOCATION
50162,"Berkeley, CA",LOCATION
50163,"Carlstadt, NJ",LOCATION
50164,"Concord, CA",LOCATION
50165,"Livermore, CA",LOCATION
50166,"San Leandro, CA",LOCATION
50167,"Fairfield, CA",LOCATION
50168,"Burlingame, CA",LOCATION
50169,"Johnston, IA",LOCATION
50170,"Santa Rosa, CA",LOCATION
50171,"Century City, CA",LOCATION
50172,"Redlands, CA",LOCATION
50173,"Redondo Beach, CA",LOCATION
50174,"Valencia, CA",LOCATION
50175,"Azusa, CA",LOCATION
50176,"Camp Pendleton, CA",LOCATION
50177,"Palmdale, CA",LOCATION
50178,"Marysville, OH",LOCATION
50179,"Jefferson City, MO",LOCATION
50180,"Blythewood, SC",LOCATION
50181,"Sarasota, FL",LOCATION
50182,"Jeffersonville, IN",LOCATION
50183,"Hines, IL",LOCATION
50184,"Londonderry, NH",LOCATION
50185,"Augusta, GA",LOCATION
50186,"Greenfield, IN",LOCATION
50187,"Jacksonville, IL",LOCATION
50188,"Broomfield, CO",LOCATION
50189,"Aberdeen Proving Ground, MD",LOCATION
50190,"Northampton, MA",LOCATION
50191,"Chico, CA",LOCATION
50192,"Juno Beach, FL",LOCATION
50193,"Hudson, NH",LOCATION
50194,"Round Rock, TX",LOCATION
50195,"Bowie, MD",LOCATION
50196,"Woodbury, MN",LOCATION
50197,"Montgomery, AL",LOCATION
50198,"Lockport, NY",LOCATION
50199,"St Louis, MS",LOCATION
50200,"Hagerstown, MD",LOCATION
50201,"Blacksburg, VA",LOCATION
50202,"Knoxville, TN",LOCATION
50203,"Menomonee Falls, WI",LOCATION
50204,"Itasca, IL",LOCATION
50205,"Oakton, VA",LOCATION
50206,"Prineville, OR",LOCATION
50207,"Los Gatos, CA",LOCATION
50208,"North Wales, PA",LOCATION
50209,"Madison, MO",LOCATION
50210,"Temple Terrace, FL",LOCATION
50211,"Northbrook, IL",LOCATION
50212,"Reading, PA",LOCATION
50213,"Matawan, NJ",LOCATION
50214,"Warrenton, VA",LOCATION
50215,"Idaho Falls, ID",LOCATION
50216,"Dublin, CA",LOCATION
50217,"Union City, CA",LOCATION
50218,"Presidio Of Monterey, CA",LOCATION
50219,"Cheektowaga, NY",LOCATION
50220,"Harlingen, TX",LOCATION
50221,"Elk Grove Village, IL",LOCATION
50222,"Van Buren Twp, MI",LOCATION
50223,"Bensenville, IL",LOCATION
50224,"Champaign, IL",LOCATION
50225,"Bentonville, AR",LOCATION
50226,"Park Ridge, NJ",LOCATION
50227,"Roslyn, NY",LOCATION
50228,"Milan, IL",LOCATION
50229,"Henderson, NV",LOCATION
50230,"Guerneville, CA",LOCATION
50231,"Davenport, IA",LOCATION
50232,"Rosemont, IL",LOCATION
50233,"Lehi, UT",LOCATION
50234,"Chatsworth, CA",LOCATION
50235,"Bloomfield Hills, MI",LOCATION
50236,"Amherst, NY",LOCATION
50237,"Rockwall, TX",LOCATION
50238,"Toledo, OH",LOCATION
50239,"Sunset Hills, MO",LOCATION
50240,"Saint Cloud, MN",LOCATION
50241,Beijing,LOCATION
50242,"Evanston, IL",LOCATION
50243,"Fort Wayne, IN",LOCATION
50244,"Signal Hill, CA",LOCATION
50245,"Woodlawn, MD",LOCATION
50246,"Aurora, CO",LOCATION
50247,"Tustin, CA",LOCATION
50248,"Fishers, IN",LOCATION
50249,"Dayton, OH",LOCATION
50250,"Belton, MO",LOCATION
50251,"Novi, MI",LOCATION
50252,"Great Falls, VA",LOCATION
50253,"Lincolnshire, IL",LOCATION
50254,"Stow, OH",LOCATION
50255,"Libertyville, IL",LOCATION
50256,"Windsor Mill, MD",LOCATION
50257,"Davie, FL",LOCATION
50258,"Downers Grove, IL",LOCATION
50259,"Ephrata, PA",LOCATION
50260,"Phoenix, IL",LOCATION
50261,"Riverwoods, IL",LOCATION
50262,"Maplewood, MN",LOCATION
50263,"Monrovia, CA",LOCATION
50264,"Lusby, MD",LOCATION
50265,"Lakewood, CO",LOCATION
50266,"Keller, TX",LOCATION
50267,"Fox River Grove, IL",LOCATION
50268,"South Plainfield, NJ",LOCATION
50269,"Lake Buena Vista, FL",LOCATION
50270,"Moosic, PA",LOCATION
50271,"Vancouver, WA",LOCATION
50272,"Oak Brook, IL",LOCATION
50273,"Diamond Bar, CA",LOCATION
50274,"Hazelwood, MO",LOCATION
50275,"Clinton, CT",LOCATION
50276,"Durham, NC",LOCATION
50277,"Glen Mills, PA",LOCATION
50278,"Oak Creek, WI",LOCATION
50279,"Golden, CO",LOCATION
50280,"Citrus Heights, CA",LOCATION
50281,"Rosemead, CA",LOCATION
50282,"American Fork, UT",LOCATION
50283,"Round Lake, IL",LOCATION
50284,"Fullerton, CA",LOCATION
50285,"Danville, CA",LOCATION
50286,"Hickory, NC",LOCATION
50287,"El Segundo,, CA",LOCATION
50288,"Warren, MI",LOCATION
50289,"Mason, MI",LOCATION
50290,"Erie, PA",LOCATION
50291,"Vancouver, BC",LOCATION
50292,"Huntington, IN",LOCATION
50293,"Green Bay, WI",LOCATION
50294,"Manhattan Beach, CA",LOCATION
50295,"Downey, CA",LOCATION
50296,"Mechanicsburg, PA",LOCATION
50297,"Mercer Island, WA",LOCATION
50298,"San Fernando, CA",LOCATION
50299,"Wayne, MI",LOCATION
50300,"Unspecified, DC",LOCATION
50301,"Germantown, WI",LOCATION
50302,"Eugene, OR",LOCATION
50303,"Brampton, ON",LOCATION
50304,"Sterling Heights, MI",LOCATION
50305,"Sheboygan Falls, WI",LOCATION
50306,"Corona, CA",LOCATION
50307,"Orem, UT",LOCATION
50308,"Calgary, AB",LOCATION
50309,"Hollywood, CA",LOCATION
50310,"Fort Lee, VA",LOCATION
50311,"Lancaster, PA",LOCATION
50312,"Markham, ON",LOCATION
50313,Reading,LOCATION
50314,"Wilkes Barre, PA",LOCATION
50315,"Centreville, VA",LOCATION
50316,"Middlebury, CT",LOCATION
50317,"Newtown, PA",LOCATION
50318,"Lemoore, CA",LOCATION
50319,"Edina, MN",LOCATION
50320,"Fort Bragg, NC",LOCATION
50321,"West Kingston, RI",LOCATION
50322,"Fredericksbrg, VA",LOCATION
50323,"Crane, IN",LOCATION
50324,"New Bern, NC",LOCATION
50325,"Twinsburg, OH",LOCATION
50326,"Parsippany-troy Hills, NJ",LOCATION
50327,"Charlottesville, VA",LOCATION
50328,"Brooklyn Park, MN",LOCATION
50329,"China Lake, CA",LOCATION
50330,"Brooklyn, OH",LOCATION
50331,"Kohler, WI",LOCATION
50332,"Clarksburg, WV",LOCATION
50333,"Sun Prairie, WI",LOCATION
50334,"Palm Bay,, FL",LOCATION
50335,"Oconomowoc, WI",LOCATION
50336,"Bee Cave, TX",LOCATION
50337,"Elgin, IL",LOCATION
50338,"Cary, IL",LOCATION
50339,"Burr Ridge, IL",LOCATION
50340,"Sunapee, NH",LOCATION
50341,"Saint Petersburg, FL",LOCATION
50342,"Rtp, NC",LOCATION
50343,"Gresham, OR",LOCATION
50344,"St. Louis, MO",LOCATION
50345,"Baton Rouge, LA",LOCATION
50346,"Brookfield, WI",LOCATION
50347,San Isidro,LOCATION
50348,"Belmont, CA",LOCATION
50349,"Irving, WA",LOCATION
50350,"San Francisco,, CA",LOCATION
50351,"Westmont, IL",LOCATION
50352,"South Bend, IN",LOCATION
50353,"South Elgin, IL",LOCATION
50354,"Warrenville, IL",LOCATION
50355,"Mequon, WI",LOCATION
50356,"Schiller Park, IL",LOCATION
50357,"Janesville, WI",LOCATION
50358,"Buffalo Grove, IL",LOCATION
50359,"Joliet, IL",LOCATION
50360,"Lake Zurich, IL",LOCATION
50361,"Pittsburgh , Pa, PA",LOCATION
50362,"Brentwood, TN",LOCATION
50363,"Greensburg, PA",LOCATION
50364,"Beltsville, MD",LOCATION
50365,"East Brunswick, NJ",LOCATION
50366,"Caledonia, MI",LOCATION
50367,"Sheboygan, WI",LOCATION
50368,"Lewiston, ME",LOCATION
50369,"York, PA",LOCATION
50370,"Alcoa, TN",LOCATION
50371,"Brisbane, CA",LOCATION
50372,"West Allis, WI",LOCATION
50373,"Clifton Park, NY",LOCATION
50374,"Northlake, IL",LOCATION
50375,"Chaska, MN",LOCATION
50376,"North Chesterfield, VA",LOCATION
50377,"Binghamton, NY",LOCATION
50378,"Doral, FL",LOCATION
50379,"Spring Grove, IL",LOCATION
50380,"Redwood Shores, CA",LOCATION
50381,"Broadview Heights, OH",LOCATION
50382,"Seal Beach, CA",LOCATION
50383,"New Castle, PA",LOCATION
50384,"Utica, NY",LOCATION
50385,"Suffield, CT",LOCATION
50386,"Frankfort, KY",LOCATION
50387,"Trenton, MI",LOCATION
50388,"Centerville, OH",LOCATION
50389,"Metairie, LA",LOCATION
50390,"South Burlington, VT",LOCATION
50391,"Hammond, IN",LOCATION
50392,"Keller, IL",LOCATION
50393,"Commerce, MI",LOCATION
50394,"North Brunswick, NJ",LOCATION
50395,"Rock Island, IL",LOCATION
50396,"Anchorage, AK",LOCATION
50397,"Dimondale, MI",LOCATION
50398,"Linthicum Heights, MD",LOCATION
50399,"Okemos, MI",LOCATION
50400,"Tallahassee, FL",LOCATION
50401,"Beverly Hills, CA",LOCATION
50402,"Roseville, MN",LOCATION
50403,"Webster, NY",LOCATION
50404,"Chester, VA",LOCATION
50405,"Chesterfield, VA",LOCATION
50406,"Macomb, MI",LOCATION
50407,"East Troy, WI",LOCATION
50408,"Brandon, FL",LOCATION
50409,"Coconut Creek, FL",LOCATION
50410,"Kentfield, CA",LOCATION
50411,"Cypress, CA",LOCATION
50412,"Ft. Belvoir, VA",LOCATION
50413,"Fort Collins, CO",LOCATION
50414,"Boulder, CO",LOCATION
50415,"Sidney, OH",LOCATION
50416,"East Aurora, NY",LOCATION
50417,"Plymouth, MN",LOCATION
50418,"Newport, KY",LOCATION
50419,"Van Nuys, CA",LOCATION
50420,"Deerfield Beach, FL",LOCATION
50421,"Mckinney, TX",LOCATION
50422,"Wixom, MI",LOCATION
50423,"Eek, AK",LOCATION
50424,"Hood River, OR",LOCATION
50425,"Cockeysville, MD",LOCATION
50426,"Rolling Meadows, IL",LOCATION
50427,"Union City, NJ",LOCATION
50428,"Stafford, VA",LOCATION
50429,"Laguna Niguel, CA",LOCATION
50430,"Fountain Valley, CA",LOCATION
50431,"Davidson, NC",LOCATION
50432,"Elmhurst, IL",LOCATION
50433,"Goodyear, AZ",LOCATION
50434,"Ada, MI",LOCATION
50435,"Cheyenne, WY",LOCATION
50436,"Maple Grove, MN",LOCATION
50437,"Ogden, UT",LOCATION
50438,"Santa Clarita, CA",LOCATION
50439,"Lynn, MA",LOCATION
50440,"Portsmouth, VA",LOCATION
50441,"Danville, PA",LOCATION
50442,"Oaks, PA",LOCATION
50443,"Commerce, CA",LOCATION
50444,"Tracy, CA",LOCATION
50445,"Stoughton, WI",LOCATION
50446,"Grand Island, NY",LOCATION
50447,Mumbai,LOCATION
50448,"Falconer, NY",LOCATION
50449,"Arlington Heights, IL",LOCATION
50450,"Arden Hills, MN",LOCATION
50451,"Chula Vista, CA",LOCATION
50452,"Manchester, MI",LOCATION
50453,"Playa Vista, CA",LOCATION
50454,"Gardena, CA",LOCATION
50455,"Grafton, WI",LOCATION
50456,"South Jordan, UT",LOCATION
50457,"El Cajon, CA",LOCATION
50458,"Superior, CO",LOCATION
50459,"Castle Rock, CO",LOCATION
50460,"Skokie, IL",LOCATION
50461,Konstanz,LOCATION
50462,"Miramar, FL",LOCATION
50463,"Spokane, WA",LOCATION
50464,"Ames, IA",LOCATION
50465,"Richmond, CA",LOCATION
50466,"Nanuet, NY",LOCATION
50467,"Sunrise, FL",LOCATION
50468,"Independence, OH",LOCATION
50469,"Fairfield, IA",LOCATION
50470,"Carson City, NV",LOCATION
50471,"Unspecified, TX",LOCATION
50472,"Urbana, OH",LOCATION
50473,"Lititz, PA",LOCATION
50474,"Corvallis, OR",LOCATION
50475,"Amherst, MA",LOCATION
50476,"La Crosse, WI",LOCATION
50477,"Columbia, MO",LOCATION
50478,"Allegan, MI",LOCATION
50479,"Niles, IL",LOCATION
50480,"Boyce, LA",LOCATION
50481,"Palm Beach, FL",LOCATION
50482,"Urbana, MD",LOCATION
50483,"La Habra, CA",LOCATION
50484,"Park Ridge, IL",LOCATION
50485,"Clinton, NJ",LOCATION
50486,"Burlington, NC",LOCATION
50487,"Mission Viejo, CA",LOCATION
50488,"Evansville, IN",LOCATION
50489,"Jax, FL",LOCATION
50490,"Cicero, IL",LOCATION
50491,"Mettawa, IL",LOCATION
50492,"Flint, MI",LOCATION
50493,"Cartersville, GA",LOCATION
50494,"Lombard, IL",LOCATION
50495,"Wichita, KS",LOCATION
50496,"Santa Clara,, CA",LOCATION
50497,"Lindon, UT",LOCATION
50498,"Waukegan, IL",LOCATION
50499,"Tysons, VA",LOCATION
50500,"Troy, NY",LOCATION
50501,"Bridgeville, PA",LOCATION
50502,"Highland Park, TX",LOCATION
50503,"Marshall, IL",LOCATION
50504,"Chesapeake, VA",LOCATION
50505,"Bloomington, IL",LOCATION
50506,"Wadsworth, OH",LOCATION
50507,"Princeton, IN",LOCATION
50508,"Rome, NY",LOCATION
50509,Guantanamo Bay,LOCATION
50510,"Calabasas, CA",LOCATION
50511,"Selden, NY",LOCATION
50512,"Etters, PA",LOCATION
50513,"Beech Grove, IN",LOCATION
50514,"Franklin, TN",LOCATION
50515,"Gastonia, NC",LOCATION
50516,"Byhalia, MS",LOCATION
50517,"Goodlettsville, TN",LOCATION
50518,"Kapolei, HI",LOCATION
50519,"Mayfield Heights, OH",LOCATION
50520,"Northfield, NJ",LOCATION
50521,"Lake City, FL",LOCATION
50522,"Bridgeville, DE",LOCATION
50523,"Abbott Park, IL",LOCATION
50524,"Midlothian, VA",LOCATION
50525,"Miami Gardens, FL",LOCATION
50526,"Stanhope, NJ",LOCATION
50527,"Livonia, MI",LOCATION
50528,"Miamisburg, OH",LOCATION
50529,"Mesa, AZ",LOCATION
50530,"Richland, WA",LOCATION
50531,"Taylor, TX",LOCATION
50532,"Hunt Valley, MD",LOCATION
50533,"West Los Angeles, CA",LOCATION
50534,"Oxnard, CA",LOCATION
50535,"Middlesex, NJ",LOCATION
50536,"Encino, CA",LOCATION
50537,"Niwot, CO",LOCATION
50538,"Richmond,, BC",LOCATION
50539,"Leesburg, GA",LOCATION
50540,"Hermitage, TN",LOCATION
50541,"Owatonna, MN",LOCATION
50542,"Edwards, CA",LOCATION
50543,"Burlington, VT",LOCATION
50544,"Sandy, UT",LOCATION
50545,"Hopkins, MN",LOCATION
50546,"Lake Forest, CA",LOCATION
50547,"Benton Harbor, MI",LOCATION
50548,"Malta, NY",LOCATION
50549,"Hamilton City, CA",LOCATION
50550,"Lake Mary, FL",LOCATION
50551,"Wagener, SC",LOCATION
50552,"Irwindale, CA",LOCATION
50553,"East Lansing, MI",LOCATION
50554,"Beaufort, SC",LOCATION
50555,"Cottleville, MO",LOCATION
50556,"Thornton, CO",LOCATION
50557,"Saint. Louis, MO",LOCATION
50558,"Edwards Air Force Base, CA",LOCATION
50559,Guantanamo,LOCATION
50560,"Fruitland, ID",LOCATION
50561,"New Albany, OH",LOCATION
50562,"Raytown, MO",LOCATION
50563,"Georgetown, KY",LOCATION
50564,"Brown Deer, WI",LOCATION
50565,"Dover, DE",LOCATION
50566,"Seguin, TX",LOCATION
50567,"Bridgeton, MO",LOCATION
50568,"Olathe, KS",LOCATION
50569,"Petaluma, CA",LOCATION
50570,"Richmond Heights, MO",LOCATION
50571,"Clifton Forge, VA",LOCATION
50572,"De Forest, WI",LOCATION
50573,"Marshall, MN",LOCATION
50574,"Pearl Harbor, HI",LOCATION
50575,"Bel Air, MD",LOCATION
50576,"Leawood, KS",LOCATION
50577,"Pleasant Prairie, WI",LOCATION
50578,"Riverdale, NY",LOCATION
50579,"Coral Springs, FL",LOCATION
50580,"Elk Grove, CA",LOCATION
50581,"Hesston, KS",LOCATION
50582,"La Verne, CA",LOCATION
50583,"Roanoke, VA",LOCATION
50584,"Radford, VA",LOCATION
50585,"Holland, MI",LOCATION
50586,"Lorain, OH",LOCATION
50587,"Bannockburn, IL",LOCATION
50588,"Auburn Hills, MI",LOCATION
50589,"Earth City, MO",LOCATION
50590,"Middleton, WI",LOCATION
50591,"Oshkosh, WI",LOCATION
50592,"Brea, CA",LOCATION
50593,"Rancho Cucamonga, CA",LOCATION
50594,"Town And Country, MO",LOCATION
50595,"Miami Lakes, FL",LOCATION
50596,"Briarcliff, NY",LOCATION
50597,"Loma Linda, CA",LOCATION
50598,"Colorado, Springs, CO",LOCATION
50599,"Beresford, SD",LOCATION
50600,"Gulfport, MS",LOCATION
50601,"Elkhorn, NE",LOCATION
50602,"Hastings, MI",LOCATION
50603,"Jackson, MI",LOCATION
50604,"Merrillville, IN",LOCATION
50605,"Wilkes-barre, PA",LOCATION
50606,"Miami Beach, FL",LOCATION
50607,"Los Altos, CA",LOCATION
50608,"Gilroy, CA",LOCATION
50609,"Morgan Hill, CA",LOCATION
50610,"Santa Cruz, CA",LOCATION
50611,"Half Moon Bay, CA",LOCATION
50612,"San Francisco,",LOCATION
50613,"Saratoga, CA",LOCATION
50614,"Tiburon, CA",LOCATION
50615,"Gold River, CA",LOCATION
50616,"East Palo Alto, CA",LOCATION
